0	Find every hardcoded endpoint URL scattered through the crate.
0	Sweep the repo for leftover credentials before the external review.
0	Find each truncated banner heading still shipping to staging.
0	Find each place the codename WANDERLUST appears verbatim.
0	Locate the exact panic message users keep reporting.
0	Find every stale feature-flag name mentioned in comments.
0	Scan the vendored sources for the misquoted disclaimer string.
0	Find each absolute file path left behind by the migration.
0	Pin down the offending snippet customers quote in bug reports.
0	Locate every placeholder token still shipped to production.
0	Find the retry budget literal buried in the client.
0	Sweep out every occurrence of the misspelled environment variable.
0	Find the legacy provider name hardcoded in the handshake.
0	Locate the currency symbol sprinkled through the invoice templates.
0	Find every vestigial debug marker before the code freeze.
0	Scan for the sentinel value the flaky check depends on.
1	Find every await nested inside a loop body, structurally.
1	Locate each match arm whose pattern binds nothing, by parse shape.
1	Find every if that wraps exactly one statement, by tree shape.
1	Pinpoint every enum variant that carries no payload, structurally.
1	Locate each impl block owning exactly one method, by shape.
1	Find each function whose tail expression is a bare unit, structurally.
1	Locate every nested if deeper than three levels, structurally.
1	Find each trait method lacking a default body, structurally.
1	Locate every tuple struct with more than four fields, structurally.
1	Find each call whose receiver is a chained field access, structurally.
1	Find each let that binds a tuple then destructures it immediately, by tree shape.
1	Locate every loop whose body holds a single continue.
1	Find each block that only forwards its lone argument, by tree shape.
1	Find every integer conversion hiding inside a comparison, structurally.
1	Locate every recursive call appearing in its own definition, structurally.
1	Find every pointer dereference sitting inside an index expression, structurally.
2	Who touched the pricing module since the big rewrite?
2	When did the retry policy land in the history?
2	Which revision replaced the polling loop with callbacks?
2	Blame whoever trimmed the timeout from thirty to ten.
2	Did anyone touch the ledger schema before Friday's deploy?
2	Trace the ancestry of the flaky handshake probe.
2	Who most recently rebased the importer onto the new backend?
2	When did the exporter begin emitting duplicate rows?
2	Which contributor renamed the shared config surface last month?
2	Did the hotfix that silenced the warning ever get merged?
2	Whose patch introduced the double permission check in the broker?
2	Reconstruct when the deprecated endpoint was quietly retired from duty.
2	Who owns the oldest surviving line in the lexer?
2	Which change severed the release notes from tagged milestones?
2	Date the revision that swapped the default profiler backend.
2	Find when two divergent implementations of caching first forked.
3	Are the integration suites green on tonight's release branch?
3	Run everything and tell me the failure tallies.
3	Does the nightly suite survive today's dependency bump?
3	After the schema migration, is anything red across the whole board?
3	Confirm the benchmark harness still clears its latency budget.
3	Which suites break if I bump the wire protocol?
3	Prove the frozen baselines survived the dedup sweep.
3	Is the whole matrix green before I tag the candidate?
3	Kick off a smoke pass and summarize what breaks.
3	Did my borrow-checker fix keep every parity probe happy?
3	Re-run the flaky shard suite until it settles.
3	How many checks fail on the sanitized fixture set?
3	Before the handoff, verify nothing regressed under the strict profile.
3	Run the property checks once more against the seeded corpus.
3	Does the merge candidate clear every gate on Windows?
3	Signal me when the soak finishes and tally the failures.
4	Tidy the indentation across the freshly extracted samples.
4	Normalize the line endings before the upcoming upstream sync.
4	Restyle the vendored bindings to match our conventions.
4	Collapse the stray double blank lines in the hot path.
4	Make the generated parser match the checked-in style sheet.
4	Strip trailing whitespace from every file the wizard touched.
4	Even out the import grouping across the crate root.
4	Rewrap the long signature lines to the agreed width.
4	Alphabetize the re-export block before the audit lands.
4	Apply our spacing rules to the translated manifests.
4	Standardize quote and comma style in the fixtures folder.
4	Straighten the misaligned table literals in the benchmarks.
4	Untangle the mixed indentation the merge introduced overnight.
4	Harmonize the brace placement across both engine halves.
4	Prepare the diff for review by evening out style.
4	Level the semicolon placement throughout the example binaries.
5	Which README section spells out the quota model?
5	Where are the onboarding steps for new maintainers written up?
5	Which handbook page covers the escalation ladder for reviewers?
5	Find the prose rule that governs snapshot retention windows.
5	What does the maintainer manual say about triage duties?
5	Point me to the runbook paragraph on cold restores.
5	Which guide chapter unpacks the tiering vocabulary for newcomers?
5	In which file does the contributor covenant live?
5	Locate the glossary entry that defines shard epochs.
5	Which notes describe the deprecation timeline for plugins?
5	Find the FAQ answer about rotating signing keys.
5	Where do the style guidelines discuss header banners?
5	Which quickstart walks a newcomer through the first boot?
5	Which appendix item defines the signed artifact envelope?
5	Is there a troubleshooting page for chronically stuck migrations?
5	Where can I read about the quarterly maintainer handoff ritual?
