0	Grade every incoming telemetry frame against the frozen severity ladder, one verdict per frame, entirely in memory.
0	Admit or drop each packet at line rate using the compiled filter table, never touching the wire.
0	Pick the cache eviction victim on every miss with the deterministic scorecard, reproducibly, millions of times daily.
0	Serve the autocomplete suggestion slot from the precomputed ranked list, identical output for identical keystrokes.
0	Answer each feature-flag probe inside the game loop before the next frame renders.
0	Stamp every sensor reading with its quality band via the lookup matrix, with zero round trips.
0	Adjudicate the spam verdict for every comment submission against the calibrated threshold card, sub-millisecond.
0	Resolve each order-book match decision in the matching core, deterministic and identical across replay runs.
0	Grant or deny the warehouse pick request from the static policy lattice, thousands of times per shift.
0	Compute the retry-or-fail verdict for each queued write inside the storage node, without leaving the process.
0	Evaluate the maintenance-window gate for every crane command on the embedded controller, with identical outcomes on replay.
0	Choose the ad slot winner per impression from the frozen scoring table, deterministically, every millisecond.
0	Reject or accept each inbound URL against the compiled denylist matcher before the request proceeds further.
0	Map every DNS query to its block or allow verdict with the in-memory ruleset, no exceptions.
0	Assign each job a priority tier from the fixed rubric the moment it enters the queue.
0	Score each gesture stroke against the recognizer's templates entirely on the wearable, with no calls home.
0	Decide the merge-or-reject verdict for each transaction against the consensus quorum rules, fully deterministic.
0	Flip the traffic-light phase per intersection cycle with the fixed timing chart, identical every run.
0	Rule on each returned parcel refund using the tiered matrix at the kiosk, instantly and repeatably.
0	Sort every request among four latency classes before the scheduler ever sees it, deterministically.
0	Vet each container image signature against the pinned trust anchors before the pod may start.
0	Settle every physics contact between the two bodies with the fixed restitution table inside the frame.
0	Return the same checksum verdict for the same input, every single call, straight from the hot cache.
0	Select one canned reply from the six-slot template wall for every nudge, wholly in memory.
1	Summarize each customer chat transcript in two sentences; there are forty thousand of them monthly.
1	Write one-line alt text for the two hundred thousand catalog photos, keeping wording plain.
1	Tag the language and tone of every inbound tweet, pennies per thousand items.
1	Draft three subject-line variants for tomorrow's promotional blast without spending real money per variant.
1	Convert the eighty thousand survey free-text answers into tidy categories, favoring adequate over polished.
1	Rewrite the four hundred help-center snippets in simpler wording; nobody reads them carefully anyway.
1	Extract contact names and dates from ten thousand voicemail transcripts this quarter; roughly right is fine.
1	Label each returned-product remark as praise, complaint, or question; margins are thin so keep unit price low.
1	Generate short meta descriptions for every recipe page; millions exist and nobody pays much per one.
1	Condense the meeting notes into five bullets per note; plain cleanup, priced by the million tokens.
1	Sort the ninety thousand store reviews into compliments, gripes, and feature wishes, inexpensively.
1	Caption the security-camera clips with one short line each; accuracy need not be flawless.
1	Produce plain-English answers for the thirty most-asked billing questions, updated weekly at negligible expense.
1	Hyphenate and casing-fix the ten thousand imported product titles so the catalog reads cleanly, at near-zero cost.
1	Author the tooltip copy for all nine hundred settings switches, brief and inexpensive by design.
1	Turn every caller's stated reason into a two-word disposition tag across the quarter's logs, at trivial cost.
1	Blurb each of the six hundred marketplace listings in one friendly sentence, keeping spend minimal.
1	Detect and mask the phone numbers inside ten thousand scraped bios, where approximate suffices.
1	Translate the onboarding emails into four languages with a passable first draft; humans polish later.
1	Pull each quoted price and warranty term out of scanned receipts, at rock-bottom unit cost.
1	Give each of the four million plays a one-phrase mood label before dawn, inexpensively.
1	Rate the readability of ten thousand textbook paragraphs, flagging the dozen worst for the editors' pass, at minimal spend.
1	Rewrite the bounce-back messages in kinder wording; hundreds daily, keep the per-message bill small.
1	Compose one-line scene descriptions for every paused lecture frame to serve the accessibility overlay while watching every cent.
2	Redesign the replicated log's failure-recovery path after the split-brain incident nobody can yet explain.
2	Hunt the deadlock that appears once a quarter and leaves no stack trace behind.
2	Devise a cache-coherence protocol for the heterogeneous accelerator mesh that keeps writes coherent without stalls.
2	Prove the scheduler's starvation-freedom claim on paper before anyone ships the new preemption mode.
2	Trace the numerical divergence that only shows up past the billionth integration step.
2	Draft the memory-model argument for why the lock-free queue is correct on weakly ordered silicon.
2	Diagnose why the query planner flips plans when statistics cross a million rows and latency triples.
2	Reason through the protocol downgrade attack that the penetration team cannot yet reproduce reliably.
2	Untangle which subsystem leaks file descriptors during the nightly stress marathon, from first principles.
2	Invent a compaction strategy that survives adversarial deletion patterns without ever stalling foreground reads.
2	Work out why the Bloom filter's false-positive rate drifts upward after each failover.
2	Sketch the consensus amendment that lets two datacenters disagree for ninety seconds yet converge.
2	Explain the second-long stall that appears only when the L3 cache line straddles two NUMA nodes.
2	Formalize the invariants the new journal must uphold so recovery proofs stay tractable.
2	Deduce the root cause of the checksum mismatch that survives three rewrites of the storage driver.
2	Decode why the garbage collector's pauses spike exactly during reference-promotion bursts.
2	Dissect the undocumented quirk that makes the vendor's TLS stack drop long handshakes.
2	Puzzle out the cache-thrashing pattern that emerges when three index builds overlap.
2	Argue whether the optimistic concurrency check can starve readers under the new retry storm.
2	Design the resharding dance that moves petabytes without dropping a single in-flight request.
2	Chase the ghost write that corrupts one page per ten thousand flushes, inexplicably.
2	Formulate the backpressure policy for the stream processor when upstream bursts exceed capacity tenfold.
2	Check the Alloy model's counterexample that explains the lost update under contention.
2	Audit the timing side channel that leaks key bits through the branch predictor.
3	Recompute every player's seasonal leaderboard standing after midnight, when nobody is watching.
3	Roll up the hourly counters into daily tallies each night at three.
3	Retire the cold snapshots to tape every Sunday, long after the dashboards go quiet.
3	Shrink the append-only ledger every Tuesday morning while traffic idles near zero.
3	Rebuild the recommendation matrices over the weekend once the fresh event dump lands.
3	Purge the expired session rows on the first Monday of each month, per policy.
3	Mail the quarterly investor pack once the numbers freeze on the last business day.
3	Refresh the warehouse marts from the upstream extracts daily between two and four.
3	Rotate the signing certificates across the fleet during Saturday's maintenance slot.
3	Compile the weekly changelog digest every Friday evening from the merged pull requests.
3	Regrade the terabyte of stored photos for new face crops whenever the idle box frees up.
3	Trim the object store down to the retention window during the quarterly housekeeping pass.
3	Reindex the forum posts against the new ranking signals every first Sunday, off-peak.
3	Rescan the whole photo library for duplicates while the office sleeps.
3	Ship the monthly metrics digest to stakeholders once the final bucket closes at midnight.
3	Re-encode the ten-year video archive into the newer codec across several weekend windows.
3	Vacuum and defragment the document tables overnight behind a short banner notice.
3	Reload the geo mapping table from the vendor drop whenever it arrives, off the serving path.
3	Churn through the backlog of unanswered webhook retries each evening until the queue drains.
3	Fold the edge-server logs into the columnar store every hour, on the odd minutes.
3	Rewarm the search suggester's caches from nothing every sunrise, before the first query lands.
3	Migrate last year's orders into the archival bucket each January first, unhurried.
3	Transcode the podcast back catalog to the space-saving format over the holiday lull.
3	Send the daily wrap-up note to the on-call channel at six, when the noise dies.
