0	An upstream fork's changelog covering twenty features this codebase never merged into any branch.
0	Stale meeting minutes from a project that wound down two quarters ago, no decisions relevant today.
0	The retired nightly cleanup job whose cron entry was removed from the scheduler last month.
0	A canceled vendor webinar transcript about an admin console this stack never shipped.
0	Foreign import statements swept in from a neighboring repository's example app during the bulk search.
0	The outdated onboarding guide written before the team split services into separate deploy units.
0	Last winter's incident postmortem for a billing outage that a different service owns entirely now.
0	An expired migration checklist whose rollout finished cleanly eight sprints back and was archived.
0	Third-party telemetry constants copied from a sample app, none matching this deployment.
0	The decommissioned metrics endpoint documentation that the observability team replaced with a newer surface.
0	Superseded coding-standard drafts from before the lint policy settled, kept around solely for archaeology.
0	A neighbor team's feature flag registry, none of whose keys exist in this codebase.
0	Archived marketing copy for a launcher screen the product dropped before launch.
0	The legacy backup rotation script the storage group replaced with managed snapshots last year.
0	Interrupted prototype notes covering a plugin system that never advanced past the sketch phase.
0	Someone else's conference talk notes about a runtime this organization does not use.
0	The frozen 2019 style guide superseded by the automated formatter's configuration years ago.
0	A wrap-up thread for the retried deploy that eventually succeeded on its own.
0	The unused Swedish locale file committed by mistake next to the supported languages.
0	Random fixture data generated for a UI prototype unrelated to any shipped screen.
0	The deprecated webhook receiver's README, removed from service when the callbacks migrated elsewhere.
0	Quarter-old capacity planning numbers that two rebaselines and a hardware refresh made meaningless.
0	The boilerplate CONTRIBUTING template checked in from the scaffold, untouched since generation day.
0	An abandoned experiment harness for a scheduler the platform chose not to adopt.
1	Forty routine lint suppressions across the codebase; the digest is one sentence naming the pattern.
1	The changelog of a build plugin we consume; a single clause captures the relevant bump.
1	Twelve near-identical deprecation warnings from one vendored crate; trim them to their common cause.
1	The style-config diff from a tooling bump; its headline is the renamed rule.
1	Weekly flake reports from the UI suite, one line per week carries the signal.
1	The FAQ section on retry policies; its answer condenses into a single advisory sentence.
1	Routine dependency housekeeping: twenty transitive crates refreshed, the blurb is just the bumped lockfile hash.
1	An internal style tip repeated across six docs pages; its gist is one clause.
1	The inventory of example apps, most folders duplicating one template; state the count and move on.
1	Old deprecation scaffolding for two retired flags; the summary sentence fits on one row.
1	Benchmark configs for three discarded experiment arms; their takeaway is a single remark about noise.
1	The vendor's release bulletin for an optional exporter; capture the headline and ignore the appendices.
1	Recurring cron summaries from the maintenance pipeline; one sentence per entry preserves the schedule facts.
1	The glossary of metric names, most entries self-evident; one caption line covers the batch.
1	A tutorial walkthrough of the CLI, tangential to the fix; its outline is one line.
1	Twelve auto-generated changelog stubs for point releases; a single digest line holds their substance.
1	The minutes of a planning sync about queueing; one capsule sentence records the decision.
1	Catalog copy for a theme pack the editor lists; a one-sentence caption suffices.
1	The compatibility matrix of an optional codec; its takeaway is one row about versions.
1	Stacked announcements from the registry dashboard, each identical; one caption states the maintenance window.
1	The boilerplate section of generated client stubs; a headline stating the generator version covers it.
1	Nine consecutive green security scans with no findings; one line records the clean run.
1	The archive of solved FAQ tickets about auth cookies; each answer shrinks to its topic sentence.
1	Transitive license listings for bundled assets; their net result is one sentence about permissive terms.
2	The race window's interleaved thread dumps from every reproduction attempt; keep each schedule until the culprit emerges.
2	The deserialization path under suspicion, including every guard clause and the malformed payload it chokes on.
2	Memory-growth samples collected across every soak iteration, allocation sites annotated with their owners.
2	The flaky ordering failure's captured traces across ten reruns, timestamps preserved for the correlation work.
2	The rebalancing loop's suspected off-by-one, with the index math and the boundary case it mishandles.
2	Every packet capture from the stalled handshake, decoded field by field for the timeout hunt.
2	Cache stampede request logs during the thundering minute, arrival counts and backend latency intact.
2	The write-path regression's before-and-after profiles at each suspect site, retained until the culprit patch lands.
2	The deadlocked scheduler's lock acquisition sequence from every observed instance, holder and waiter labeled.
2	The schema drift investigation: every rejected row, its offending column, and the validator rule that flagged it.
2	Compiler diagnostics from the mis-optimization, each note tied to the intermediate representation it concerns.
2	The permission escalation trace under audit, every granted role and the code path that conferred it.
2	Spiky latency histograms from each deployment cohort, percentiles and sample counts retained for comparison.
2	Correlated backoff traces across services from the retry storm, every attempt timestamped for the cascade analysis.
2	The boot failure's kernel messages from each cold start, mount errors kept in order.
2	Regex backtracking blowup on the pathological input, with the matching steps that exploded.
2	Every assertion failure from the contract fuzz run, the offending pair and its seed recorded.
2	The index bloom investigation: query plans before and after each candidate, cost estimates kept.
2	The leak candidate's allocation stack from every growth phase, retained until the ownership question settles.
2	Malformed vendor callback responses captured during every reproduction, headers and payloads annotated.
2	Rollback artifacts from the failed cutover upgrade, error codes and stage names logged intact.
2	Cursor pagination's skipped-record reports from each boundary probe, offsets and row counts included.
2	The watermark regression's per-shard drift readings across every compaction, annotated beside the producer lag.
2	Span traces from the affected window during the throughput dip, each hop's queue depth recorded.
3	The regulator's consent clause under audit this sprint, untrimmed so counsel reads every word.
3	Crash signature hex supplied by the reporter, byte for byte, because the symbolizer keys on it.
3	The rate-limit stanza the production gateway enforces, kept in its deployed spelling, nothing elided.
3	The signer's recovery phrase policy under legal review, every clause unaltered from the executed version.
3	Compiler diagnostic output for the rejected trait impl, spans and error codes untouched.
3	The data-processing addendum the customer signed, quoted verbatim for the compliance packet.
3	Golden fixture bytes the serializer must reproduce, every byte preserved across the refactor.
3	The incident commander's declared timeline, quoted in its entirety for the postmortem record.
3	Import statement the patch relocates, shown exactly as authored, semicolons and all.
3	The consent banner text the legal team approved, unmodified for every locale build.
3	The lockfile conflict block verbatim, because the resolver's decision hinges on its exact shape.
3	Abatement notice from the standards board, reproduced word-perfect for the audit binder.
3	The signed artifact manifest the release gate checks, hashes and paths exactly as generated.
3	The stored procedure's original body under change review, kept uncut for the behavioral diff.
3	The handshake transcript the conformance suite replays, frames unmodified, because tolerance rules read raw bytes.
3	Embedded checksum constant from the migration, copied character for character, since the verifier compares raw text.
3	The accessibility statement the auditors cited, quoted complete with its exception clauses.
3	The parser's grammar rule under dispute, reproduced in its authored form for the review record.
3	The deprecation notice exactly as shipped, because downstream tooling greps its precise sentence.
3	The customer's escalation email in its entirety, unedited, for the response review.
3	The checksum block the firmware updater verifies, byte-exact, since any drift bricks the device.
3	On-call handoff notes completed during the outage, preserved unaltered for the review board.
3	The expired certificate's issuer string under forensic review, captured unmodified for the chain analysis.
3	Export schema's frozen field list, quoted complete, since downstream parsers match its literal shape.
